{"v":"5.5.7","meta":{"g":"LottieFiles AE 0.1.20","a":"","k":"","d":"","tc":"#FFFFFF"},"fr":30,"ip":0,"op":20,"w":177,"h":177,"nm":"output area","ddd":0,"assets":[{"id":"comp_0","layers":[{"ddd":0,"ind":3,"ty":4,"nm":"default","sr":1,"ks":{"o":{"a":0,"k":100,"ix":11},"r":{"a":0,"k":0,"ix":10},"p":{"a":0,"k":[960,540,0],"ix":2},"a":{"a":0,"k":[0,0,0],"ix":1},"s":{"a":0,"k":[100,100,100],"ix":6}},"ao":0,"shapes":[{"ty":"gr","it":[{"ind":0,"ty":"sh","ix":1,"ks":{"a":0,"k":{"i":[[0,0],[0,0],[10.255,0],[0,0],[3.498,-3.507],[-0.007,-4.97],[0,0],[0,0],[-0.002,1.224],[0,0],[0,0],[-0.373,0],[-0.491,-0.4],[0,0],[0,0],[1.217,0]],"o":[[0,0],[-0.005,-10.273],[0,0],[-4.952,0.019],[-3.51,3.519],[0,0],[0,0],[-1.228,-0.002],[0,0],[0,0],[0.504,-0.431],[0.363,0],[0,0],[0,0],[-0.012,1.21],[0,0]],"v":[[26.617,64.5],[26.617,37.711],[8.011,19.096],[-8.805,19.096],[-21.906,24.562],[-27.339,37.725],[-27.339,64.5],[-52.907,64.5],[-55.129,62.277],[-55.129,-12.923],[-1.351,-63.978],[0.071,-64.5],[1.449,-64.013],[55.255,-12.259],[55.255,62.306],[53.033,64.5]],"c":true},"ix":2},"nm":"Path 1","mn":"ADBE Vector Shape - Group","hd":false},{"ty":"tr","p":{"a":0,"k":[1,1.75],"ix":2},"a":{"a":0,"k":[0,0],"ix":1},"s":{"a":0,"k":[100,100],"ix":3},"r":{"a":0,"k":0,"ix":6},"o":{"a":0,"k":100,"ix":7},"sk":{"a":0,"k":0,"ix":4},"sa":{"a":0,"k":0,"ix":5},"nm":"Transform"}],"nm":"Shape 2","np":1,"cix":2,"bm":0,"ix":1,"mn":"ADBE Vector Group","hd":false},{"ty":"gr","it":[{"ind":0,"ty":"sh","ix":1,"ks":{"a":0,"k":{"i":[[0,0],[4.647,-4.214],[0,0],[-2.284,-2.485],[-2.494,2.206],[0,0],[0,0],[-6.75,-0.009],[-0.005,0],[0,0],[0,0],[-4.753,0.006],[-0.005,0],[0,0],[-0.002,-4.752],[0,-0.005],[0,0],[0,0],[-0.002,6.749],[0,0.006],[0,0],[-2.259,2.517],[2.505,2.262],[0,0],[0,0]],"o":[[-4.647,-4.214],[0,0],[-2.485,2.283],[2.253,2.452],[0,0],[0,0],[-0.008,6.749],[0.005,0],[0,0],[0,0],[-0.006,-4.752],[0.005,0],[0,0],[4.753,-0.002],[0,0.005],[0,0],[0,0],[6.75,0.002],[0,-0.006],[0,0],[2.715,2.456],[2.262,-2.504],[0,0],[0,0],[0,0]],"v":[[8.598,-72.313],[-7.785,-72.313],[-74.031,-9.423],[-74.396,-0.791],[-65.847,-0.348],[-64.793,-1.348],[-64.793,64.291],[-52.586,76.526],[-52.571,76.526],[-17.003,76.526],[-17.003,39.737],[-8.409,31.122],[-8.393,31.122],[8.343,31.122],[16.953,39.722],[16.953,39.737],[16.953,76.526],[53.365,76.526],[65.591,64.31],[65.591,64.291],[65.591,-0.546],[74.417,-0.793],[73.978,-9.422],[73.976,-9.423],[8.598,-72.31]],"c":true},"ix":2},"nm":"Path 1","mn":"ADBE Vector Shape - Group","hd":false},{"ty":"tr","p":{"a":0,"k":[0,0],"ix":2},"a":{"a":0,"k":[0,0],"ix":1},"s":{"a":0,"k":[100,100],"ix":3},"r":{"a":0,"k":0,"ix":6},"o":{"a":0,"k":100,"ix":7},"sk":{"a":0,"k":0,"ix":4},"sa":{"a":0,"k":0,"ix":5},"nm":"Transform"}],"nm":"Shape 1","np":1,"cix":2,"bm":0,"ix":2,"mn":"ADBE Vector Group","hd":false},{"ty":"mm","mm":5,"nm":"Merge Paths 1","mn":"ADBE Vector Filter - Merge","hd":false},{"ty":"fl","c":{"a":0,"k":[0.24705882352941178,0.24705882352941178,0.24705882352941178,1],"ix":4},"o":{"a":0,"k":100,"ix":5},"r":1,"bm":0,"nm":"Fill 1","mn":"ADBE Vector Graphic - Fill","hd":false}],"ip":0,"op":150,"st":0,"bm":0},{"ddd":0,"ind":4,"ty":4,"nm":"circle","sr":1,"ks":{"o":{"a":0,"k":100,"ix":11},"r":{"a":0,"k":0,"ix":10},"p":{"a":0,"k":[1004,592.5,0],"ix":2},"a":{"a":0,"k":[0,0,0],"ix":1},"s":{"a":0,"k":[100,100,100],"ix":6}},"ao":0,"hasMask":true,"masksProperties":[{"inv":false,"mode":"a","pt":{"a":0,"k":{"i":[[0,0],[0,0],[0,0],[0,0],[0,0],[0,0],[0,0],[0,0],[0,0],[0,0],[0,0],[0,0],[0,0]],"o":[[0,0],[0,0],[0,0],[0,0],[0,0],[0,0],[0,0],[0,0],[0,0],[0,0],[0,0],[0,0],[0,0]],"v":[[-42.75,-122.5],[-104,-65],[-102.5,16],[-96.125,20.625],[-64.625,19.875],[-64.875,-14.75],[-57.125,-24.5],[-29.5,-24.875],[-21.75,-17],[-20.625,18.625],[11.75,19.125],[17.875,13.75],[17.625,-67.5]],"c":true},"ix":1},"o":{"a":0,"k":100,"ix":3},"x":{"a":0,"k":0,"ix":4},"nm":"Mask 1"}],"shapes":[{"ty":"gr","it":[{"ind":0,"ty":"sh","ix":1,"ks":{"a":0,"k":{"i":[[0,-48.894],[48.894,0],[0,48.894],[-48.894,0]],"o":[[0,48.894],[-48.894,0],[0,-48.894],[48.894,0]],"v":[[88.531,0],[0,88.531],[-88.531,0],[0,-88.531]],"c":true},"ix":2},"nm":"Path 1","mn":"ADBE Vector Shape - Group","hd":false},{"ty":"fl","c":{"a":0,"k":[1,0.3803921568627451,0.3803921568627451,1],"ix":4},"o":{"a":0,"k":100,"ix":5},"r":1,"bm":0,"nm":"Fill 1","mn":"ADBE Vector Graphic - Fill","hd":false},{"ty":"tr","p":{"a":0,"k":[0,0],"ix":2},"a":{"a":0,"k":[0,0],"ix":1},"s":{"a":1,"k":[{"i":{"x":[0.667,0.667],"y":[0.917,0.917]},"o":{"x":[0.333,0.333],"y":[0,0]},"t":0,"s":[0,0]},{"i":{"x":[0.667,0.667],"y":[0.98,0.98]},"o":{"x":[0.333,0.333],"y":[-0.277,-0.277]},"t":6,"s":[120,120]},{"i":{"x":[0.667,0.667],"y":[0.886,0.886]},"o":{"x":[0.333,0.333],"y":[-0.033,-0.033]},"t":11,"s":[90,90]},{"i":{"x":[0.667,0.667],"y":[1,1]},"o":{"x":[0.333,0.333],"y":[-0.257,-0.257]},"t":15,"s":[105,105]},{"t":18,"s":[100,100]}],"ix":3},"r":{"a":0,"k":0,"ix":6},"o":{"a":0,"k":100,"ix":7},"sk":{"a":0,"k":0,"ix":4},"sa":{"a":0,"k":0,"ix":5},"nm":"Transform"}],"nm":"Shape 1","np":2,"cix":2,"bm":0,"ix":1,"mn":"ADBE Vector Group","hd":false}],"ip":0,"op":150,"st":0,"bm":0}]}],"layers":[{"ddd":0,"ind":1,"ty":0,"nm":"main","refId":"comp_0","sr":1,"ks":{"o":{"a":0,"k":100,"ix":11},"r":{"a":0,"k":0,"ix":10},"p":{"a":0,"k":[88.5,88.5,0],"ix":2},"a":{"a":0,"k":[960,540,0],"ix":1},"s":{"a":0,"k":[100,100,100],"ix":6}},"ao":0,"w":1920,"h":1080,"ip":0,"op":150,"st":0,"bm":0}],"markers":[]}