{"v":"5.1.18","fr":29.9700012207031,"ip":0,"op":90.0000036657751,"w":20,"h":20,"nm":"Mute","ddd":0,"assets":[],"layers":[{"ddd":0,"ind":1,"ty":4,"nm":"mask_wave_2","td":1,"sr":1,"ks":{"o":{"a":0,"k":100,"ix":11},"r":{"a":0,"k":0,"ix":10},"p":{"a":0,"k":[10,10,0],"ix":2},"a":{"a":0,"k":[0,0,0],"ix":1},"s":{"a":0,"k":[100,100,100],"ix":6}},"ao":0,"shapes":[{"ty":"gr","it":[{"ty":"rc","d":1,"s":{"a":0,"k":[9.938,18.313],"ix":2},"p":{"a":0,"k":[0,0],"ix":3},"r":{"a":0,"k":0,"ix":4},"nm":"Rectangle Path 1","mn":"ADBE Vector Shape - Rect","hd":false},{"ty":"fl","c":{"a":0,"k":[0,0,0,1],"ix":4},"o":{"a":0,"k":100,"ix":5},"r":1,"nm":"Fill 1","mn":"ADBE Vector Graphic - Fill","hd":false},{"ty":"tr","p":{"a":0,"k":[-5.281,0.031],"ix":2},"a":{"a":0,"k":[0,0],"ix":1},"s":{"a":0,"k":[100,100],"ix":3},"r":{"a":0,"k":0,"ix":6},"o":{"a":0,"k":100,"ix":7},"sk":{"a":0,"k":0,"ix":4},"sa":{"a":0,"k":0,"ix":5},"nm":"Transform"}],"nm":"Rectangle 1","np":3,"cix":2,"ix":1,"mn":"ADBE Vector Group","hd":false}],"ip":0,"op":91.000003706506,"st":0,"bm":0},{"ddd":0,"ind":2,"ty":4,"nm":"wave_2 Outlines","tt":2,"sr":1,"ks":{"o":{"a":0,"k":100,"ix":11},"r":{"a":0,"k":0,"ix":10},"p":{"a":1,"k":[{"i":{"x":0.833,"y":0.833},"o":{"x":0.167,"y":0.167},"n":"0p833_0p833_0p167_0p167","t":2,"s":[18.306,9.963,0],"e":[18.118,9.963,0],"to":[-0.03125,0,0],"ti":[1.67708337306976,0,0]},{"i":{"x":0.833,"y":0.931},"o":{"x":0.167,"y":0.167},"n":"0p833_0p931_0p167_0p167","t":6,"s":[18.118,9.963,0],"e":[8.243,9.963,0],"to":[-1.67708337306976,0,0],"ti":[1.64583337306976,0,0]},{"i":{"x":0.833,"y":0.833},"o":{"x":0.167,"y":0.167},"n":"0p833_0p833_0p167_0p167","t":11,"s":[8.243,9.963,0],"e":[8.243,9.963,0],"to":[0,0,0],"ti":[0,0,0]},{"i":{"x":0.833,"y":0.833},"o":{"x":0.167,"y":0.069},"n":"0p833_0p833_0p167_0p069","t":75,"s":[8.243,9.963,0],"e":[18.118,9.963,0],"to":[1.64583337306976,0,0],"ti":[-1.67708337306976,0,0]},{"i":{"x":0.833,"y":0.833},"o":{"x":0.167,"y":0.167},"n":"0p833_0p833_0p167_0p167","t":80,"s":[18.118,9.963,0],"e":[18.306,9.963,0],"to":[1.67708337306976,0,0],"ti":[-0.03125,0,0]},{"t":84.0000034213901}],"ix":2},"a":{"a":0,"k":[2.827,7.401,0],"ix":1},"s":{"a":1,"k":[{"i":{"x":[0.833,0.833,0.833],"y":[0.931,0.931,1.151]},"o":{"x":[0.167,0.167,0.167],"y":[0.069,0.069,-0.151]},"n":["0p833_0p931_0p167_0p069","0p833_0p931_0p167_0p069","0p833_1p151_0p167_-0p151"],"t":6,"s":[100,100,100],"e":[44.871,44.871,100]},{"i":{"x":[0.833,0.833,0.833],"y":[1,1,1]},"o":{"x":[0.167,0.167,0.167],"y":[-49.003,-49.003,-1.938]},"n":["0p833_1_0p167_-49p003","0p833_1_0p167_-49p003","0p833_1_0p167_-1p938"],"t":11,"s":[44.871,44.871,100],"e":[44.871,44.871,100]},{"i":{"x":[0.833,0.833,0.833],"y":[1,1,1]},"o":{"x":[0.167,0.167,0.167],"y":[0,0,0]},"n":["0p833_1_0p167_0","0p833_1_0p167_0","0p833_1_0p167_0"],"t":75,"s":[44.871,44.871,100],"e":[100,100,100]},{"t":80.0000032584668}],"ix":6}},"ao":0,"shapes":[{"ty":"gr","it":[{"ind":0,"ty":"sh","ix":1,"ks":{"a":0,"k":{"i":[[0.192,0],[0.146,0.147],[-0.293,0.293],[3.217,3.217],[-0.293,0.293],[-0.293,-0.293],[3.801,-3.801]],"o":[[-0.192,0],[-0.293,-0.293],[3.217,-3.217],[-0.293,-0.293],[0.293,-0.293],[3.801,3.802],[-0.146,0.147]],"v":[[-1.406,7.151],[-1.936,6.931],[-1.936,5.871],[-1.936,-5.797],[-1.936,-6.858],[-0.876,-6.858],[-0.876,6.931]],"c":true},"ix":2},"nm":"Path 1","mn":"ADBE Vector Shape - Group","hd":false},{"ty":"mm","mm":4,"nm":"Merge Paths 1","mn":"ADBE Vector Filter - Merge","hd":false},{"ty":"fl","c":{"a":0,"k":[0.6,0.6,0.647000002394,1],"ix":4},"o":{"a":0,"k":100,"ix":5},"r":1,"nm":"Fill 1","mn":"ADBE Vector Graphic - Fill","hd":false},{"ty":"tr","p":{"a":0,"k":[2.479,7.401],"ix":2},"a":{"a":0,"k":[0,0],"ix":1},"s":{"a":0,"k":[100,100],"ix":3},"r":{"a":0,"k":0,"ix":6},"o":{"a":0,"k":100,"ix":7},"sk":{"a":0,"k":0,"ix":4},"sa":{"a":0,"k":0,"ix":5},"nm":"Transform"}],"nm":"Group 1","np":3,"cix":2,"ix":1,"mn":"ADBE Vector Group","hd":false}],"ip":0,"op":91.000003706506,"st":0,"bm":0},{"ddd":0,"ind":3,"ty":4,"nm":"mask_wave","td":1,"sr":1,"ks":{"o":{"a":0,"k":100,"ix":11},"r":{"a":0,"k":0,"ix":10},"p":{"a":0,"k":[10,10,0],"ix":2},"a":{"a":0,"k":[0,0,0],"ix":1},"s":{"a":0,"k":[100,100,100],"ix":6}},"ao":0,"shapes":[{"ty":"gr","it":[{"ty":"rc","d":1,"s":{"a":0,"k":[9.938,18.313],"ix":2},"p":{"a":0,"k":[0,0],"ix":3},"r":{"a":0,"k":0,"ix":4},"nm":"Rectangle Path 1","mn":"ADBE Vector Shape - Rect","hd":false},{"ty":"fl","c":{"a":0,"k":[0,0,0,1],"ix":4},"o":{"a":0,"k":100,"ix":5},"r":1,"nm":"Fill 1","mn":"ADBE Vector Graphic - Fill","hd":false},{"ty":"tr","p":{"a":0,"k":[-5.281,0.031],"ix":2},"a":{"a":0,"k":[0,0],"ix":1},"s":{"a":0,"k":[100,100],"ix":3},"r":{"a":0,"k":0,"ix":6},"o":{"a":0,"k":100,"ix":7},"sk":{"a":0,"k":0,"ix":4},"sa":{"a":0,"k":0,"ix":5},"nm":"Transform"}],"nm":"Rectangle 1","np":3,"cix":2,"ix":1,"mn":"ADBE Vector Group","hd":false}],"ip":0,"op":91.000003706506,"st":0,"bm":0},{"ddd":0,"ind":4,"ty":4,"nm":"wave_1 Outlines","tt":2,"sr":1,"ks":{"o":{"a":0,"k":100,"ix":11},"r":{"a":0,"k":0,"ix":10},"p":{"a":1,"k":[{"i":{"x":0.833,"y":0.975},"o":{"x":0.333,"y":0.052},"n":"0p833_0p975_0p333_0p052","t":0,"s":[14.063,9.959,0],"e":[14.813,9.959,0],"to":[0.125,0,0],"ti":[1.52083337306976,0,0]},{"i":{"x":0.667,"y":1},"o":{"x":0.333,"y":0},"n":"0p667_1_0p333_0","t":4,"s":[14.813,9.959,0],"e":[4.938,9.959,0],"to":[-1.52083337306976,0,0],"ti":[1.64583337306976,0,0]},{"i":{"x":0.667,"y":0.667},"o":{"x":0.167,"y":0.167},"n":"0p667_0p667_0p167_0p167","t":11,"s":[4.938,9.959,0],"e":[4.938,9.959,0],"to":[0,0,0],"ti":[0,0,0]},{"i":{"x":0.833,"y":0.992},"o":{"x":0.167,"y":0.008},"n":"0p833_0p992_0p167_0p008","t":75,"s":[4.938,9.959,0],"e":[14.813,9.959,0],"to":[1.64583337306976,0,0],"ti":[-1.52083337306976,0,0]},{"i":{"x":0.833,"y":0.833},"o":{"x":0.333,"y":0},"n":"0p833_0p833_0p333_0","t":82,"s":[14.813,9.959,0],"e":[14.063,9.959,0],"to":[1.52083337306976,0,0],"ti":[0.125,0,0]},{"t":86.0000035028518}],"ix":2},"a":{"a":0,"k":[1.95,4.218,0],"ix":1},"s":{"a":0,"k":[100,100,100],"ix":6}},"ao":0,"shapes":[{"ty":"gr","it":[{"ind":0,"ty":"sh","ix":1,"ks":{"a":0,"k":{"i":[[0.192,0],[0.146,0.147],[-0.293,0.293],[1.462,1.462],[-0.293,0.293],[-0.293,-0.292],[2.046,-2.048]],"o":[[-0.191,0],[-0.293,-0.292],[1.462,-1.462],[-0.293,-0.293],[0.293,-0.292],[2.046,2.047],[-0.146,0.147]],"v":[[-0.876,3.969],[-1.406,3.749],[-1.406,2.689],[-1.406,-2.615],[-1.406,-3.676],[-0.346,-3.676],[-0.346,3.749]],"c":true},"ix":2},"nm":"Path 1","mn":"ADBE Vector Shape - Group","hd":false},{"ty":"fl","c":{"a":0,"k":[0.6,0.6,0.647000002394,1],"ix":4},"o":{"a":0,"k":100,"ix":5},"r":1,"nm":"Fill 1","mn":"ADBE Vector Graphic - Fill","hd":false},{"ty":"tr","p":{"a":0,"k":[1.95,4.218],"ix":2},"a":{"a":0,"k":[0,0],"ix":1},"s":{"a":0,"k":[100,100],"ix":3},"r":{"a":0,"k":0,"ix":6},"o":{"a":0,"k":100,"ix":7},"sk":{"a":0,"k":0,"ix":4},"sa":{"a":0,"k":0,"ix":5},"nm":"Transform"}],"nm":"Group 1","np":2,"cix":2,"ix":1,"mn":"ADBE Vector Group","hd":false}],"ip":0,"op":91.000003706506,"st":0,"bm":0},{"ddd":0,"ind":5,"ty":4,"nm":"bar Outlines","sr":1,"ks":{"o":{"a":0,"k":100,"ix":11},"r":{"a":0,"k":0,"ix":10},"p":{"a":0,"k":[10.5,9.463,0],"ix":2},"a":{"a":0,"k":[6.475,6.439,0],"ix":1},"s":{"a":0,"k":[100,100,100],"ix":6}},"ao":0,"shapes":[{"ty":"gr","it":[{"ind":0,"ty":"sh","ix":1,"ks":{"a":1,"k":[{"i":{"x":0.667,"y":1},"o":{"x":0.167,"y":0.167},"n":"0p667_1_0p167_0p167","t":19,"s":[{"i":[[0.192,0],[0.146,0.147],[0,0],[-0.293,0.293],[-0.293,-0.293],[0,0],[0.293,-0.293]],"o":[[-0.192,0],[0,0],[-0.293,-0.293],[0.293,-0.293],[0,0],[0.293,0.293],[-0.146,0.147]],"v":[[-5.569,-4.777],[-6.099,-4.996],[-5.932,-4.836],[-5.932,-5.896],[-4.872,-5.896],[-5.039,-6.056],[-5.039,-4.996]],"c":true}],"e":[{"i":[[0.192,0],[0.146,0.147],[0,0],[-0.293,0.293],[-0.293,-0.293],[0,0],[0.293,-0.293]],"o":[[-0.192,0],[0,0],[-0.293,-0.293],[0.293,-0.293],[0,0],[0.293,0.293],[-0.146,0.147]],"v":[[5.402,6.189],[4.872,5.97],[-5.932,-4.836],[-5.932,-5.896],[-4.872,-5.896],[5.932,4.91],[5.932,5.97]],"c":true}]},{"i":{"x":0.667,"y":1},"o":{"x":0.167,"y":0.167},"n":"0p667_1_0p167_0p167","t":25,"s":[{"i":[[0.192,0],[0.146,0.147],[0,0],[-0.293,0.293],[-0.293,-0.293],[0,0],[0.293,-0.293]],"o":[[-0.192,0],[0,0],[-0.293,-0.293],[0.293,-0.293],[0,0],[0.293,0.293],[-0.146,0.147]],"v":[[5.402,6.189],[4.872,5.97],[-5.932,-4.836],[-5.932,-5.896],[-4.872,-5.896],[5.932,4.91],[5.932,5.97]],"c":true}],"e":[{"i":[[0.192,0],[0.146,0.147],[0,0],[-0.293,0.293],[-0.293,-0.293],[0,0],[0.293,-0.293]],"o":[[-0.192,0],[0,0],[-0.293,-0.293],[0.293,-0.293],[0,0],[0.293,0.293],[-0.146,0.147]],"v":[[5.402,6.189],[4.872,5.97],[-5.932,-4.836],[-5.932,-5.896],[-4.872,-5.896],[5.932,4.91],[5.932,5.97]],"c":true}]},{"i":{"x":0.667,"y":1},"o":{"x":0.167,"y":0.167},"n":"0p667_1_0p167_0p167","t":60,"s":[{"i":[[0.192,0],[0.146,0.147],[0,0],[-0.293,0.293],[-0.293,-0.293],[0,0],[0.293,-0.293]],"o":[[-0.192,0],[0,0],[-0.293,-0.293],[0.293,-0.293],[0,0],[0.293,0.293],[-0.146,0.147]],"v":[[5.402,6.189],[4.872,5.97],[-5.932,-4.836],[-5.932,-5.896],[-4.872,-5.896],[5.932,4.91],[5.932,5.97]],"c":true}],"e":[{"i":[[0.192,0],[0.146,0.147],[0,0],[-0.293,0.293],[-0.293,-0.293],[0,0],[0.293,-0.293]],"o":[[-0.192,0],[0,0],[-0.293,-0.293],[0.293,-0.293],[0,0],[0.293,0.293],[-0.146,0.147]],"v":[[-5.569,-4.777],[-6.099,-4.996],[-5.932,-4.836],[-5.932,-5.896],[-4.872,-5.896],[-5.039,-6.056],[-5.039,-4.996]],"c":true}]},{"t":66.0000026882351}],"ix":2},"nm":"Path 1","mn":"ADBE Vector Shape - Group","hd":false},{"ty":"fl","c":{"a":0,"k":[0.6,0.6,0.647000002394,1],"ix":4},"o":{"a":0,"k":100,"ix":5},"r":1,"nm":"Fill 1","mn":"ADBE Vector Graphic - Fill","hd":false},{"ty":"tr","p":{"a":0,"k":[6.475,6.439],"ix":2},"a":{"a":0,"k":[0,0],"ix":1},"s":{"a":0,"k":[100,100],"ix":3},"r":{"a":0,"k":0,"ix":6},"o":{"a":0,"k":100,"ix":7},"sk":{"a":0,"k":0,"ix":4},"sa":{"a":0,"k":0,"ix":5},"nm":"Transform"}],"nm":"Group 1","np":2,"cix":2,"ix":1,"mn":"ADBE Vector Group","hd":false}],"ip":19.0000007738859,"op":66.0000026882351,"st":0,"bm":0},{"ddd":0,"ind":6,"ty":4,"nm":"mask_bar Outlines","td":1,"sr":1,"ks":{"o":{"a":0,"k":100,"ix":11},"r":{"a":0,"k":0,"ix":10},"p":{"a":0,"k":[10.585,9.499,0],"ix":2},"a":{"a":0,"k":[7.488,7.402,0],"ix":1},"s":{"a":0,"k":[100,100,100],"ix":6}},"ao":0,"shapes":[{"ty":"gr","it":[{"ind":0,"ty":"sh","ix":1,"ks":{"a":1,"k":[{"i":{"x":0.667,"y":1},"o":{"x":0.167,"y":0.167},"n":"0p667_1_0p167_0p167","t":18,"s":[{"i":[[0.683,0.683],[0,0],[0.467,0],[0.33,-0.331],[0,-0.467],[-0.331,-0.33],[0,0],[-0.468,0],[-0.33,0.33]],"o":[[0,0],[-0.33,-0.331],[-0.467,0],[-0.331,0.33],[0,0.467],[0,0],[0.33,0.33],[0.467,0],[0.683,-0.683]],"v":[[-5.614,-8.041],[-4.251,-6.639],[-5.488,-7.152],[-6.725,-6.639],[-7.238,-5.402],[-6.725,-4.165],[-8.089,-5.565],[-6.851,-5.054],[-5.614,-5.565]],"c":true}],"e":[{"i":[[0.683,0.683],[0,0],[0.467,0],[0.33,-0.331],[0,-0.467],[-0.331,-0.33],[0,0],[-0.468,0],[-0.33,0.33]],"o":[[0,0],[-0.33,-0.331],[-0.467,0],[-0.331,0.33],[0,0.467],[0,0],[0.33,0.33],[0.467,0],[0.683,-0.683]],"v":[[6.555,4.165],[-4.251,-6.639],[-5.488,-7.152],[-6.725,-6.639],[-7.238,-5.402],[-6.725,-4.165],[4.079,6.641],[5.318,7.152],[6.555,6.641]],"c":true}]},{"i":{"x":0.667,"y":1},"o":{"x":0.167,"y":0.167},"n":"0p667_1_0p167_0p167","t":24,"s":[{"i":[[0.683,0.683],[0,0],[0.467,0],[0.33,-0.331],[0,-0.467],[-0.331,-0.33],[0,0],[-0.468,0],[-0.33,0.33]],"o":[[0,0],[-0.33,-0.331],[-0.467,0],[-0.331,0.33],[0,0.467],[0,0],[0.33,0.33],[0.467,0],[0.683,-0.683]],"v":[[6.555,4.165],[-4.251,-6.639],[-5.488,-7.152],[-6.725,-6.639],[-7.238,-5.402],[-6.725,-4.165],[4.079,6.641],[5.318,7.152],[6.555,6.641]],"c":true}],"e":[{"i":[[0.683,0.683],[0,0],[0.467,0],[0.33,-0.331],[0,-0.467],[-0.331,-0.33],[0,0],[-0.468,0],[-0.33,0.33]],"o":[[0,0],[-0.33,-0.331],[-0.467,0],[-0.331,0.33],[0,0.467],[0,0],[0.33,0.33],[0.467,0],[0.683,-0.683]],"v":[[6.555,4.165],[-4.251,-6.639],[-5.488,-7.152],[-6.725,-6.639],[-7.238,-5.402],[-6.725,-4.165],[4.079,6.641],[5.318,7.152],[6.555,6.641]],"c":true}]},{"i":{"x":0.667,"y":1},"o":{"x":0.167,"y":0.167},"n":"0p667_1_0p167_0p167","t":60,"s":[{"i":[[0.683,0.683],[0,0],[0.467,0],[0.33,-0.331],[0,-0.467],[-0.331,-0.33],[0,0],[-0.468,0],[-0.33,0.33]],"o":[[0,0],[-0.33,-0.331],[-0.467,0],[-0.331,0.33],[0,0.467],[0,0],[0.33,0.33],[0.467,0],[0.683,-0.683]],"v":[[6.555,4.165],[-4.251,-6.639],[-5.488,-7.152],[-6.725,-6.639],[-7.238,-5.402],[-6.725,-4.165],[4.079,6.641],[5.318,7.152],[6.555,6.641]],"c":true}],"e":[{"i":[[0.683,0.683],[0,0],[0.467,0],[0.33,-0.331],[0,-0.467],[-0.331,-0.33],[0,0],[-0.468,0],[-0.33,0.33]],"o":[[0,0],[-0.33,-0.331],[-0.467,0],[-0.331,0.33],[0,0.467],[0,0],[0.33,0.33],[0.467,0],[0.683,-0.683]],"v":[[-5.614,-8.041],[-4.251,-6.639],[-5.488,-7.152],[-6.725,-6.639],[-7.238,-5.402],[-6.725,-4.165],[-8.089,-5.565],[-6.851,-5.054],[-5.614,-5.565]],"c":true}]},{"t":66.0000026882351}],"ix":2},"nm":"Path 1","mn":"ADBE Vector Shape - Group","hd":false},{"ty":"fl","c":{"a":0,"k":[0,0,0,1],"ix":4},"o":{"a":0,"k":100,"ix":5},"r":1,"nm":"Fill 1","mn":"ADBE Vector Graphic - Fill","hd":false},{"ty":"tr","p":{"a":0,"k":[7.488,7.403],"ix":2},"a":{"a":0,"k":[0,0],"ix":1},"s":{"a":0,"k":[100,100],"ix":3},"r":{"a":0,"k":0,"ix":6},"o":{"a":0,"k":100,"ix":7},"sk":{"a":0,"k":0,"ix":4},"sa":{"a":0,"k":0,"ix":5},"nm":"Transform"}],"nm":"Group 1","np":2,"cix":2,"ix":1,"mn":"ADBE Vector Group","hd":false}],"ip":-7.00000028511585,"op":91.000003706506,"st":0,"bm":0},{"ddd":0,"ind":7,"ty":4,"nm":"speaker Outlines","tt":2,"sr":1,"ks":{"o":{"a":0,"k":100,"ix":11},"r":{"a":0,"k":0,"ix":10},"p":{"a":1,"k":[{"i":{"x":0.936,"y":1},"o":{"x":0.237,"y":0.075},"n":"0p936_1_0p237_0p075","t":8,"s":[5.049,9.975,0],"e":[9.924,9.975,0],"to":[0.8125,0,0],"ti":[-0.8125,0,0]},{"i":{"x":0.936,"y":0.936},"o":{"x":0.167,"y":0.167},"n":"0p936_0p936_0p167_0p167","t":18,"s":[9.924,9.975,0],"e":[9.924,9.975,0],"to":[0,0,0],"ti":[0,0,0]},{"i":{"x":0.833,"y":0.833},"o":{"x":0.167,"y":0},"n":"0p833_0p833_0p167_0","t":66,"s":[9.924,9.975,0],"e":[5.049,9.975,0],"to":[-0.8125,0,0],"ti":[0.8125,0,0]},{"t":76.0000030955435}],"ix":2},"a":{"a":0,"k":[5.051,7.326,0],"ix":1},"s":{"a":0,"k":[100,100,100],"ix":6}},"ao":0,"shapes":[{"ty":"gr","it":[{"ind":0,"ty":"sh","ix":1,"ks":{"a":0,"k":{"i":[[0,0],[0,0],[-0.132,-0.106],[0,0],[0,0],[0,0],[0.17,0],[0,0]],"o":[[0,0],[0.17,0],[0,0],[0,0],[0,0],[-0.132,0.106],[0,0],[0,0]],"v":[[-3.301,1.976],[-0.45,1.976],[0.018,2.14],[3.301,4.765],[3.301,-4.716],[0.018,-2.09],[-0.45,-1.926],[-3.301,-1.926]],"c":true},"ix":2},"nm":"Path 1","mn":"ADBE Vector Shape - Group","hd":false},{"ind":1,"ty":"sh","ix":2,"ks":{"a":0,"k":{"i":[[0.11,0],[0.136,0.109],[0,0],[0,0],[0,0.414],[0,0],[-0.414,0],[0,0],[0,0],[-0.26,-0.124],[0,-0.289],[0,0],[0.26,-0.124]],"o":[[-0.167,0],[0,0],[0,0],[-0.414,0],[0,0],[0,-0.414],[0,0],[0,0],[0.225,-0.181],[0.26,0.124],[0,0],[0,0.289],[-0.104,0.051]],"v":[[4.051,7.076],[3.582,6.912],[-0.713,3.476],[-4.051,3.476],[-4.801,2.726],[-4.801,-2.676],[-4.051,-3.426],[-0.713,-3.426],[3.582,-6.862],[4.376,-6.952],[4.801,-6.276],[4.801,6.326],[4.376,7.001]],"c":true},"ix":2},"nm":"Path 2","mn":"ADBE Vector Shape - Group","hd":false},{"ty":"mm","mm":1,"nm":"Merge Paths 1","mn":"ADBE Vector Filter - Merge","hd":false},{"ty":"fl","c":{"a":0,"k":[0.6,0.6,0.647000002394,1],"ix":4},"o":{"a":0,"k":100,"ix":5},"r":1,"nm":"Fill 1","mn":"ADBE Vector Graphic - Fill","hd":false},{"ty":"tr","p":{"a":0,"k":[5.051,7.326],"ix":2},"a":{"a":0,"k":[0,0],"ix":1},"s":{"a":0,"k":[100,100],"ix":3},"r":{"a":0,"k":0,"ix":6},"o":{"a":0,"k":100,"ix":7},"sk":{"a":0,"k":0,"ix":4},"sa":{"a":0,"k":0,"ix":5},"nm":"Transform"}],"nm":"Group 1","np":4,"cix":2,"ix":1,"mn":"ADBE Vector Group","hd":false}],"ip":0,"op":91.000003706506,"st":0,"bm":0}],"markers":[]}